date,day,time,travel_minutes
2026-08-29,Saturday,15:37,48.4
2026-08-29,Saturday,15:38,47.1
2026-08-31,Monday,08:01,40.6
2026-08-31,Monday,08:48,42.8
2026-08-31,Monday,09:14,40.6
2026-08-31,Monday,09:56,42.5
2026-09-01,Tuesday,07:08,46.5
2026-09-01,Tuesday,07:55,40.3
2026-09-01,Tuesday,08:13,39.0
2026-09-01,Tuesday,08:46,38.5
2026-09-02,Wednesday,06:44,52.2
2026-09-02,Wednesday,07:14,49.7
2026-09-02,Wednesday,07:32,48.2
2026-09-02,Wednesday,08:00,46.4
2026-09-03,Thursday,06:47,55.1
2026-09-03,Thursday,07:18,49.5
2026-09-03,Thursday,07:40,48.7
2026-09-03,Thursday,08:10,44.1
2026-09-04,Friday,06:52,42.1
2026-09-04,Friday,07:20,42.4
2026-09-04,Friday,07:38,42.3
2026-09-04,Friday,08:05,39.5
2026-09-07,Monday,06:56,46.9
2026-09-07,Monday,07:27,43.0
2026-09-07,Monday,07:49,41.1
2026-09-07,Monday,08:29,41.7
2026-09-08,Tuesday,06:51,49.1
2026-09-08,Tuesday,07:21,48.5
2026-09-08,Tuesday,07:45,45.4
2026-09-08,Tuesday,08:12,40.0
2026-09-09,Wednesday,07:00,53.7
2026-09-09,Wednesday,07:29,50.5
2026-09-09,Wednesday,07:47,46.3
2026-09-09,Wednesday,08:16,44.0
2026-09-10,Thursday,06:56,51.2
2026-09-10,Thursday,07:26,49.5
2026-09-10,Thursday,07:48,44.7
2026-09-10,Thursday,08:15,42.7
2026-09-11,Friday,06:56,48.2
2026-09-11,Friday,07:24,49.6
2026-09-11,Friday,07:42,46.7
2026-09-11,Friday,08:10,42.8
2026-09-14,Monday,07:29,36.9
2026-09-14,Monday,08:01,35.7
2026-09-14,Monday,08:28,35.0
2026-09-14,Monday,09:06,35.9
2026-09-15,Tuesday,07:06,41.8
2026-09-15,Tuesday,07:56,38.3
2026-09-15,Tuesday,08:19,37.8
2026-09-15,Tuesday,08:49,37.4
2026-09-16,Wednesday,07:06,47.4
2026-09-16,Wednesday,07:49,42.0
2026-09-16,Wednesday,08:13,44.5
2026-09-16,Wednesday,08:42,44.7
2026-09-17,Thursday,07:05,53.9
2026-09-17,Thursday,07:54,46.3
2026-09-17,Thursday,08:19,47.2
2026-09-17,Thursday,08:46,42.5
2026-09-18,Friday,06:58,49.0
2026-09-18,Friday,07:32,43.5
2026-09-18,Friday,07:54,41.8
2026-09-18,Friday,08:22,40.3
2026-09-21,Monday,07:33,45.4
2026-09-21,Monday,08:06,40.0
2026-09-21,Monday,08:30,42.4
2026-09-21,Monday,09:08,42.1
2026-09-22,Tuesday,07:12,53.3
2026-09-22,Tuesday,07:51,46.1
2026-09-22,Tuesday,08:11,43.4
2026-09-22,Tuesday,08:40,39.7
2026-09-23,Wednesday,07:13,47.2
2026-09-23,Wednesday,07:53,46.4
2026-09-23,Wednesday,08:13,46.9
2026-09-23,Wednesday,08:42,40.3
2026-09-24,Thursday,07:05,53.3
2026-09-24,Thursday,07:43,46.2
2026-09-24,Thursday,08:04,45.1
2026-09-24,Thursday,08:35,42.4
2026-09-25,Friday,07:02,50.9
2026-09-25,Friday,08:03,42.9
2026-09-25,Friday,08:28,40.1
2026-09-25,Friday,08:57,40.2
2026-09-28,Monday,08:07,42.8
2026-09-28,Monday,08:51,39.0
2026-09-28,Monday,09:17,39.0
2026-09-28,Monday,09:59,39.5
2026-09-29,Tuesday,07:48,49.4
2026-09-29,Tuesday,08:50,39.1
2026-09-29,Tuesday,09:24,40.2
2026-09-29,Tuesday,09:59,45.9
2026-09-30,Wednesday,07:51,49.7
2026-09-30,Wednesday,08:51,40.9
2026-09-30,Wednesday,09:14,41.4
2026-09-30,Wednesday,09:51,40.6
2026-10-01,Thursday,08:12,48.7
2026-10-01,Thursday,09:14,43.2
2026-10-01,Thursday,09:42,44.3
2026-10-01,Thursday,10:18,43.2
2026-10-02,Friday,07:51,44.2
2026-10-02,Friday,08:48,40.7
2026-10-02,Friday,09:16,39.5
2026-10-02,Friday,09:55,41.8
2026-10-05,Monday,08:10,44.4
2026-10-05,Monday,09:26,40.4
2026-10-05,Monday,09:56,42.2
2026-10-05,Monday,10:40,40.5
2026-10-06,Tuesday,08:28,41.0
2026-10-06,Tuesday,09:12,41.8
2026-10-06,Tuesday,09:42,39.8
2026-10-06,Tuesday,10:33,43.5
2026-10-07,Wednesday,08:04,44.3
2026-10-07,Wednesday,09:02,39.6
2026-10-07,Wednesday,09:40,41.4
2026-10-07,Wednesday,10:25,43.7
2026-10-08,Thursday,08:20,43.3
2026-10-08,Thursday,09:18,40.3
2026-10-08,Thursday,09:51,40.1
2026-10-08,Thursday,10:46,43.5
2026-10-09,Friday,08:23,40.6
